Customer ID,Customer Name,email
1,Cazzie McVeighty,cmcveighty0@umich.edu
2,Clara Anfonsi,canfonsi1@elpais.com
3,Augustin Cricket,acricket2@google.ca
4,Keelia Duferie,kduferie3@biglobe.ne.jp
5,Mario Kordt,mkordt4@barnesandnoble.com
6,Devora Burmaster,dburmaster5@prnewswire.com
7,Ibbie Pavy,ipavy6@webs.com
8,Agatha Hewell,ahewell7@huffingtonpost.com
9,Salome Collinette,scollinette8@state.tx.us
10,Justinn Bamborough,jbamborough9@altervista.org
11,Earlie Frizzell,efrizzella@narod.ru
12,Jeanne Beals,jbealsb@photobucket.com
13,Lana Seabright,lseabrightc@tiny.cc
14,Hasty Savaage,hsavaaged@wp.com
15,Merrili Basezzi,mbasezzie@tuttocitta.it
16,Tod Vynarde,tvynardef@nymag.com
17,Brandy Blakiston,bblakistong@skype.com
18,Borden Gotts,bgottsh@economist.com
19,Nesta Loomes,nloomesi@tinyurl.com
20,Jasmina Brownsmith,jbrownsmithj@desdev.cn
21,Dayna Antonetti,dantonettik@jiathis.com
22,Bambi Ker,bkerl@pinterest.com
23,Betty Eacott,beacottm@infoseek.co.jp
24,Kaitlin Brobyn,kbrobynn@vinaora.com
25,Aldous Morcombe,amorcombeo@pcworld.com
26,Kassie Broyd,kbroydp@deviantart.com
27,Micheal Yetman,myetmanq@sohu.com
28,Arlene Jewess,ajewessr@infoseek.co.jp
29,Farand Rusk,frusks@blogspot.com
30,Baron Hennemann,bhennemannt@t.co
31,Seka Peerless,speerlessu@narod.ru
32,Mureil Ikin,mikinv@chron.com
33,Sondra Joderli,sjoderliw@accuweather.com
34,Leilah Eagger,leaggerx@ucsd.edu
35,Welsh Sliney,wslineyy@symantec.com
36,Rois Richens,rrichensz@army.mil
37,Wildon Bonds,wbonds10@bizjournals.com
38,Cinda Robertsson,crobertsson11@creativecommons.org
39,Mario de Keyser,mdekeyser12@netvibes.com
40,Johann Whittet,jwhittet13@behance.net
41,Joelle Gammett,jgammett14@google.it
42,Kerby Duthy,kduthy15@myspace.com
43,Dorey Warlock,dwarlock16@ehow.com
44,Kerk Highman,khighman17@yelp.com
45,Kathye Lorraine,klorraine18@pinterest.com
46,Damaris McCrea,dmccrea19@ezinearticles.com
47,Pauletta Bumfrey,pbumfrey1a@google.co.uk
48,Hillery Dallinder,hdallinder1b@seesaa.net
49,Agnola Philpault,aphilpault1c@cnbc.com
50,Kristoffer Bolf,kbolf1d@youku.com
51,Ransom Starkings,rstarkings1e@joomla.org
52,Ambrosi Sheirlaw,asheirlaw1f@wisc.edu
53,Laurene Igonet,ligonet1g@ibm.com
54,Caddric Yekel,cyekel1h@last.fm
55,Raimondo Hingeley,rhingeley1i@telegraph.co.uk
56,Vaughan Gillings,vgillings1j@xinhuanet.com
57,Clementia Bradburne,cbradburne1k@shinystat.com
58,Christoph Keslake,ckeslake1l@storify.com
59,Domenico Kervin,dkervin1m@bbb.org
60,Kayle Houndson,khoundson1n@google.fr
61,Merle Saltmarsh,msaltmarsh1o@cdbaby.com
62,Dare Tipler,dtipler1p@nationalgeographic.com
63,Sydney Caller,scaller1q@redcross.org
64,Silvester Jenik,sjenik1r@archive.org
65,Ingemar Wolford,iwolford1s@wikimedia.org
66,Jase Jaram,jjaram1t@sitemeter.com
67,Fleming Crocumbe,fcrocumbe1u@guardian.co.uk
68,Melania Sidnall,msidnall1v@alexa.com
69,Minnaminnie Mountain,mmountain1w@bigcartel.com
70,Moises Altimas,maltimas1x@ebay.co.uk
71,Gayla Rabjohn,grabjohn1y@va.gov
72,Sabra Goozee,sgoozee1z@com.com
73,Lavina Glancy,lglancy20@theatlantic.com
74,Sammy Iban,siban21@qq.com
75,Averell Reston,areston22@ycombinator.com
76,Juieta Wilcocks,jwilcocks23@latimes.com
77,Gratia Bridgewater,gbridgewater24@bluehost.com
78,Ashla Gouldthorp,agouldthorp25@purevolume.com
79,Brigitte Baldi,bbaldi26@imgur.com
80,Guinna Christmas,gchristmas27@deviantart.com
81,Norine Kiloh,nkiloh28@reference.com
82,Florella Clitsome,fclitsome29@macromedia.com
83,Cindie Rivlin,crivlin2a@vimeo.com
84,Che Feldmann,cfeldmann2b@weibo.com
85,Gabi Corking,gcorking2c@princeton.edu
86,Antoni Bleakman,ableakman2d@angelfire.com
87,Cathy Purkis,cpurkis2e@abc.net.au
88,Adan Clewett,aclewett2f@sina.com.cn
89,Blayne Zanassi,bzanassi2g@yelp.com
90,Will Seckom,wseckom2h@umn.edu
91,Elliot Thornber,ethornber2i@digg.com
92,Debor Lage,dlage2j@wikispaces.com
93,Ariela Dammarell,adammarell2k@edublogs.org
94,Tatiana Kryzhov,tkryzhov2l@facebook.com
95,Montgomery Jancik,mjancik2m@tripod.com
96,Fedora Bembridge,fbembridge2n@lulu.com
97,Hebert Treadgold,htreadgold2o@patch.com
98,Waverly Bullerwell,wbullerwell2p@sogou.com
99,Andris Wisker,awisker2q@t.co
100,Baily Barends,bbarends2r@1688.com
101,Lesly Gilhouley,lgilhouley2s@berkeley.edu
102,Cirillo Havile,chavile2t@desdev.cn
103,Simone Shapiro,sshapiro2u@webnode.com
104,Adaline Bichener,abichener2v@pagesperso-orange.fr
105,Devlin Brierton,dbrierton2w@gov.uk
106,Amity Latus,alatus2x@last.fm
107,Gilligan Kellet,gkellet2y@csmonitor.com
108,Nanine Mumbray,nmumbray2z@dot.gov
109,Daniel Vaen,dvaen30@loc.gov
110,Tate Hothersall,thothersall31@army.mil
111,Merwyn Puden,mpuden32@ebay.co.uk
112,Katee Ghidoni,kghidoni33@rakuten.co.jp
113,Dari Lorincz,dlorincz34@prweb.com
114,Dalila Attryde,dattryde35@mlb.com
115,Rosemarie Pedden,rpedden36@jiathis.com
116,Gypsy Dainter,gdainter37@desdev.cn
117,Krystal Rachuig,krachuig38@nsw.gov.au
118,Jean Hanley,jhanley39@prlog.org
119,Illa MacDwyer,imacdwyer3a@paypal.com
120,Aleen Harrhy,aharrhy3b@imageshack.us
121,Tobye Tapner,ttapner3c@oaic.gov.au
122,Eada Owen,eowen3d@rakuten.co.jp
123,Penelope Spenceley,pspenceley3e@vistaprint.com
124,Michale Rapelli,mrapelli3f@dion.ne.jp
125,Creigh Ortsmann,cortsmann3g@shinystat.com
126,Gabie Groom,ggroom3h@home.pl
127,Corrinne Miko,cmiko3i@printfriendly.com
128,Carlynn Suermeier,csuermeier3j@furl.net
129,Land Sommerscales,lsommerscales3k@phpbb.com
130,Dorice Antos,dantos3l@buzzfeed.com
131,Holli Alkin,halkin3m@so-net.ne.jp
132,Domingo Strowthers,dstrowthers3n@artisteer.com
133,Pincus Rachuig,prachuig3o@huffingtonpost.com
134,Donalt Frail,dfrail3p@indiegogo.com
135,Dinah Antonio,dantonio3q@washingtonpost.com
136,Kerrill How,khow3r@hibu.com
137,James McIlvenny,jmcilvenny3s@wp.com
138,Lana Yitshak,lyitshak3t@princeton.edu
139,Anabal Pryer,apryer3u@w3.org
140,Trever Jaggar,tjaggar3v@sun.com
141,Theo Screen,tscreen3w@utexas.edu
142,Cori Tegeller,ctegeller3x@nsw.gov.au
143,Stacy Wadie,swadie3y@exblog.jp
144,Ephraim Farquar,efarquar3z@ihg.com
145,Belita Rouchy,brouchy40@icq.com
146,Haleigh Shillabeer,hshillabeer41@vimeo.com
147,Zacharia Gullam,zgullam42@tinyurl.com
148,Jephthah Deeming,jdeeming43@last.fm
149,Mallory Lighten,mlighten44@tmall.com
150,Marjy Vanin,mvanin45@go.com
151,Amargo Sulley,asulley46@springer.com
152,Torre Cawthry,tcawthry47@webmd.com
153,Northrop Beddingham,nbeddingham48@netscape.com
154,Austin Videneev,avideneev49@dell.com
155,Jarid Bernet,jbernet4a@vinaora.com
156,Vite Sturr,vsturr4b@domainmarket.com
157,Penny Cow,pcow4c@bigcartel.com
158,Ivett Ogg,iogg4d@pen.io
159,Shelby Tubbs,stubbs4e@delicious.com
160,Shannah Barkworth,sbarkworth4f@gravatar.com
161,Jacobo Swansborough,jswansborough4g@msn.com
162,Calla Fryett,cfryett4h@samsung.com
163,Mayne Askew,maskew4i@domainmarket.com
164,Doloritas Culligan,dculligan4j@sourceforge.net
165,Lovell Hume,lhume4k@msu.edu
166,Eduardo Daine,edaine4l@statcounter.com
167,Monika Nesbitt,mnesbitt4m@abc.net.au
168,Amelie Farries,afarries4n@shareasale.com
169,Karil Hambidge,khambidge4o@theguardian.com
170,Fenelia Gloy,fgloy4p@admin.ch
171,Anetta Wickens,awickens4q@reference.com
172,Jackson Fairhurst,jfairhurst4r@thetimes.co.uk
173,Nolana Moan,nmoan4s@dot.gov
174,Leisha Nys,lnys4t@netvibes.com
175,Quill Besantie,qbesantie4u@vimeo.com
176,Sophie Vela,svela4v@php.net
177,Verla Fidgeon,vfidgeon4w@zimbio.com
178,Elmira Corneck,ecorneck4x@wiley.com
179,Tucky Robers,trobers4y@github.com
180,Tonya Colomb,tcolomb4z@japanpost.jp
181,Brigg Pavolini,bpavolini50@oracle.com
182,Barbette McCook,bmccook51@ustream.tv
183,Merle Havik,mhavik52@google.co.uk
184,Eduino Parades,eparades53@nymag.com
185,Bartholemy Crosston,bcrosston54@amazon.com
186,Donnell Pinhorn,dpinhorn55@wired.com
187,Bengt Napoli,bnapoli56@about.com
188,Aluin Scedall,ascedall57@java.com
189,Glenna Limpenny,glimpenny58@dmoz.org
190,Bertha Pattemore,bpattemore59@deliciousdays.com
191,Caroline Jancy,cjancy5a@tamu.edu
192,Lauritz Preto,lpreto5b@mashable.com
193,Ferdinande Ropkes,fropkes5c@flickr.com
194,Hollyanne Currall,hcurrall5d@cbc.ca
195,Sammy Peggs,speggs5e@techcrunch.com
196,Willy Deegan,wdeegan5f@tmall.com
197,Pamela Tregunna,ptregunna5g@ustream.tv
198,Donalt Shotboulte,dshotboulte5h@webmd.com
199,Kipp Affuso,kaffuso5i@nytimes.com
200,Courtenay Sherburn,csherburn5j@chicagotribune.com
201,Sherie Edeler,sedeler5k@nyu.edu
202,Glenn Yurshev,gyurshev5l@purevolume.com
203,Sherye Bartosinski,sbartosinski5m@virginia.edu
204,Shawna Stolze,sstolze5n@virginia.edu
205,Rosemarie Egglestone,regglestone5o@liveinternet.ru
206,Eadith Winson,ewinson5p@barnesandnoble.com
207,Zebadiah Matveiko,zmatveiko5q@salon.com
208,Raviv Quiney,rquiney5r@army.mil
209,Pip Trulocke,ptrulocke5s@ameblo.jp
210,Ashbey Sapp,asapp5t@netvibes.com
211,Kliment Fitzjohn,kfitzjohn5u@pagesperso-orange.fr
212,Rebbecca Germon,rgermon5v@bravesites.com
213,Emilie Deboo,edeboo5w@craigslist.org
214,Gunar Swarbrigg,gswarbrigg5x@yolasite.com
215,Audy Choat,achoat5y@discovery.com
216,Fairfax Shackelton,fshackelton5z@blog.com
217,Liana Kime,lkime60@paginegialle.it
218,Hanna Skelcher,hskelcher61@sciencedaily.com
219,Verla Dupoy,vdupoy62@europa.eu
220,Massimo Hornig,mhornig63@1und1.de
221,Adaline Tipton,atipton64@acquirethisname.com
222,Ive Peskett,ipeskett65@sina.com.cn
223,Leonerd Justice,ljustice66@gov.uk
224,Delila Spruce,dspruce67@cornell.edu
225,Nickolai Shorland,nshorland68@telegraph.co.uk
226,Alyson Lapham,alapham69@apache.org
227,Tessy Hodcroft,thodcroft6a@mashable.com
228,Timmy Zmitrichenko,tzmitrichenko6b@cnbc.com
229,Diann Rheaume,drheaume6c@auda.org.au
230,Jorry Corker,jcorker6d@newyorker.com
231,Pavia Cockill,pcockill6e@umn.edu
232,Jard Chasmar,jchasmar6f@toplist.cz
233,Zeke Niccolls,zniccolls6g@yellowbook.com
234,Emalia Kennerknecht,ekennerknecht6h@mail.ru
235,Papageno Javes,pjaves6i@sbwire.com
236,Humfrey Clouter,hclouter6j@ovh.net
237,Adelina Mangeot,amangeot6k@prnewswire.com
238,Gasper May,gmay6l@goodreads.com
239,Gorden Worters,gworters6m@zimbio.com
240,Pandora Boffin,pboffin6n@latimes.com
241,Sinclair Pitts,spitts6o@earthlink.net
242,Nonna Cecely,ncecely6p@hp.com
243,Brigg Clifft,bclifft6q@blinklist.com
244,Vonny Wodham,vwodham6r@reverbnation.com
245,Phil Peaurt,ppeaurt6s@seattletimes.com
246,Deloria Kingsland,dkingsland6t@indiatimes.com
247,Ferdie Broadbridge,fbroadbridge6u@infoseek.co.jp
248,Ethelin Balderstone,ebalderstone6v@pagesperso-orange.fr
249,Gregor Olner,golner6w@themeforest.net
250,Teena Naul,tnaul6x@earthlink.net
251,Clovis Legh,clegh6y@epa.gov
252,Markus Dumbrill,mdumbrill6z@gizmodo.com
253,Edgardo Dee,edee70@wikimedia.org
254,Felizio De Gowe,fdegowe71@yahoo.com
255,Valaria Peppard,vpeppard72@businessinsider.com
256,Myca Sayward,msayward73@ucsd.edu
257,Gaby Helleker,ghelleker74@intel.com
258,Remy Gambie,rgambie75@clickbank.net
259,Kent Storch,kstorch76@e-recht24.de
260,Harmony Fellman,hfellman77@jimdo.com
261,Katharina Jansey,kjansey78@dailymotion.com
262,Hetty Chamberlen,hchamberlen79@europa.eu
263,Joana Ellard,jellard7a@ed.gov
264,Allen Shipley,ashipley7b@symantec.com
265,Mord Cordingley,mcordingley7c@redcross.org
266,Cristal Sima,csima7d@t.co
267,Tanitansy Piddock,tpiddock7e@spiegel.de
268,Brittney Ouslem,bouslem7f@forbes.com
269,Ernie Blomefield,eblomefield7g@about.me
270,Ruperta Donnel,rdonnel7h@ted.com
271,Demetre Rizziello,drizziello7i@sun.com
272,Livia Kiehnlt,lkiehnlt7j@fema.gov
273,Lilllie Hulance,lhulance7k@wikia.com
274,Dermot Kubatsch,dkubatsch7l@pinterest.com
275,Tadeo Cecchetelli,tcecchetelli7m@vimeo.com
276,Robenia Mudge,rmudge7n@hibu.com
277,Myrtie Brafferton,mbrafferton7o@hp.com
278,Morten Skuse,mskuse7p@zdnet.com
279,Dennie Kaufman,dkaufman7q@reddit.com
280,Raimundo Walsham,rwalsham7r@wikimedia.org
281,Red Plaskitt,rplaskitt7s@webeden.co.uk
282,Ana Don,adon7t@squidoo.com
283,Kinna Tale,ktale7u@ucoz.ru
284,Isac Ferroli,iferroli7v@sciencedirect.com
285,Dinny Itzkovwich,ditzkovwich7w@dropbox.com
286,Corabel Grinvalds,cgrinvalds7x@nyu.edu
287,Rahal Amthor,ramthor7y@berkeley.edu
288,Grissel Mulder,gmulder7z@wordpress.org
289,Silvia Lashley,slashley80@soundcloud.com
290,Lek Allen,lallen81@google.de
291,Kassandra Ricardon,kricardon82@mapquest.com
292,Andy Kinzett,akinzett83@admin.ch
293,Sunny McKmurrie,smckmurrie84@hatena.ne.jp
294,Aeriel Tubb,atubb85@tinyurl.com
295,Friedrich Impson,fimpson86@wufoo.com
296,Bette Ordemann,bordemann87@qq.com
297,Helaina Assiratti,hassiratti88@imageshack.us
298,Catrina Ramsier,cramsier89@edublogs.org
299,Ryann Fevier,rfevier8a@eepurl.com
300,Briano Fielder,bfielder8b@cocolog-nifty.com
301,Isabelle Paskin,ipaskin8c@slashdot.org
302,Reade Micco,rmicco8d@economist.com
303,Zack Boulstridge,zboulstridge8e@plala.or.jp
304,Shannen Brotherhead,sbrotherhead8f@si.edu
